{
  "bias": -0.12500000000000003,
  "uncertainty_level": 0.0,
  "version": 1,
  "weights": {
    "ascii_ratio": -1.0181688468588568,
    "byte_entropy": 0.7840578575567254,
    "entropy_std": 0.5179989684080579,
    "instruction_density": 2.375,
    "max_byte_fraction": -0.38225295784035984,
    "mode_diversity": 0.25767036080067246,
    "ngram_diversity": 0.9698091348558093,
    "opcode_entropy": 1.3033478984056992,
    "remainder_ratio": -0.6,
    "zero_ratio": -1.0072529578403602
  }
}